"","n0","n1"
"rs697680_A-AA",3451,1086
"rs697680_A-Bx",1133,359
"rs228729_T-AA",2051,647
"rs228729_T-Bx",2533,798
"rs11121023_A-AA",2877,891
"rs11121023_A-Bx",1707,554
"rs10864315_T-AA",2262,715
"rs10864315_T-Bx",2322,730
"rs170631_G-AA",3689,1154
"rs170631_G-Bx",895,291
"rs875994_C-AA",1541,442
"rs875994_C-Bx",3043,1003
"rs228682_C-AA",1652,516
"rs228682_C-Bx",2932,929
"rs228666_C-AA",2575,787
"rs228666_C-Bx",2009,658
"rs228669_T-AA",4050,1282
"rs228669_T-Bx",534,163
"rs228688_T-AA",1874,561
"rs228688_T-Bx",2710,884
"rs228690_T-AA",3824,1200
"rs228690_T-Bx",760,245
"rs10462018_T-AA",3225,959
"rs10462018_T-Bx",1359,486
"rs228692_A-AA",3993,1251
"rs228692_A-Bx",591,194
"rs697690_C-AA",2091,610
"rs697690_C-Bx",2493,835
"rs2640908_T-AA",3164,1008
"rs2640908_T-Bx",1420,437
"rs4663866_C-AA",3837,1206
"rs4663866_C-Bx",747,239
"rs934945_T-AA",2895,910
"rs934945_T-Bx",1689,535
"rs2304669_C-AA",3465,1102
"rs2304669_C-Bx",1119,343
"rs10462023_A-AA",1685,544
"rs10462023_A-Bx",2899,901
"rs11894491_A-AA",2098,653
"rs11894491_A-Bx",2486,792
"rs13002160_T-AA",2331,746
"rs13002160_T-Bx",2253,699
"rs10462028_A-AA",2099,676
"rs10462028_A-Bx",2485,769
"rs1801260_G-AA",2493,787
"rs1801260_G-Bx",2091,658
"rs3792603_G-AA",2875,935
"rs3792603_G-Bx",1709,510
"rs11133383_C-AA",1912,599
"rs11133383_C-Bx",2672,846
"rs11932595_G-AA",1709,526
"rs11932595_G-Bx",2875,919
"rs13113518_C-AA",1803,552
"rs13113518_C-Bx",2781,893
"rs900144_C-AA",1272,386
"rs900144_C-Bx",3312,1059
"rs4414197_T-AA",2145,666
"rs4414197_T-Bx",2439,779
"rs7950226_A-AA",1302,410
"rs7950226_A-Bx",3282,1035
"rs10832020_C-AA",3305,1035
"rs10832020_C-Bx",1279,410
"rs11022761_T-AA",3876,1228
"rs11022761_T-Bx",708,217
"rs11022762_T-AA",1615,507
"rs11022762_T-Bx",2969,938
"rs7126796_C-AA",3376,1080
"rs7126796_C-Bx",1208,365
"rs10766077_A-AA",1721,546
"rs10766077_A-Bx",2863,899
"rs7924734_G-AA",2387,742
"rs7924734_G-Bx",2197,703
"rs10832027_G-AA",1930,597
"rs10832027_G-Bx",2654,848
"rs1026071_G-AA",2196,669
"rs1026071_G-Bx",2388,776
"rs12421530_C-AA",1657,500
"rs12421530_C-Bx",2927,945
"rs2290036_C-AA",3942,1244
"rs2290036_C-Bx",642,201
"rs1868049_T-AA",3406,1063
"rs1868049_T-Bx",1178,382
"rs3789327_G-AA",1257,409
"rs3789327_G-Bx",3327,1036
"rs11022778_G-AA",2109,674
"rs11022778_G-Bx",2475,771
"rs3816358_A-AA",3721,1175
"rs3816358_A-Bx",863,270
"rs4757151_A-AA",1192,360
"rs4757151_A-Bx",3392,1085
"rs12363415_G-AA",2931,888
"rs12363415_G-Bx",1653,557
"rs11022781_A-AA",1366,422
"rs11022781_A-Bx",3218,1023
"rs969485_G-AA",2478,795
"rs969485_G-Bx",2106,650
"rs11022783_A-AA",3479,1073
"rs11022783_A-Bx",1105,372
"rs17452383_G-AA",3573,1160
"rs17452383_G-Bx",1011,285
"rs7121611_T-AA",1203,393
"rs7121611_T-Bx",3381,1052
"rs7121775_C-AA",2707,853
"rs7121775_C-Bx",1877,592
"rs2292913_A-AA",4016,1240
"rs2292913_A-Bx",568,205
"rs11038698_C-AA",3916,1257
"rs11038698_C-Bx",668,188
"rs11038699_G-AA",2339,719
"rs11038699_G-Bx",2245,726
"rs2292910_A-AA",1987,602
"rs2292910_A-Bx",2597,843
"rs3824872_A-AA",2866,919
"rs3824872_A-Bx",1718,526
"rs17441402_T-AA",3463,1083
"rs17441402_T-Bx",1121,362
"rs703829_T-AA",1461,454
"rs703829_T-Bx",3123,991
"rs11171846_T-AA",3853,1186
"rs11171846_T-Bx",731,259
"rs11171856_C-AA",1210,384
"rs11171856_C-Bx",3374,1061
"rs714359_A-AA",2888,906
"rs714359_A-Bx",1696,539
"rs12821586_A-AA",4010,1263
"rs12821586_A-Bx",574,182
"rs11113153_T-AA",3254,1056
"rs11113153_T-Bx",1330,389
"rs3741892_C-AA",1275,443
"rs3741892_C-Bx",3309,1002
"rs10861688_T-AA",2929,859
"rs10861688_T-Bx",1655,586
"rs12368868_G-AA",3995,1229
"rs12368868_G-Bx",589,216
"rs2585408_T-AA",1550,486
"rs2585408_T-Bx",3034,959
"rs2735611_G-AA",3293,1039
"rs2735611_G-Bx",1291,406
"rs3027178_G-AA",2393,771
"rs3027178_G-Bx",2191,674
"rs3027171_A-AA",3961,1279
"rs3027171_A-Bx",623,166
"rs2518023_T-AA",3881,1205
"rs2518023_T-Bx",703,240
"rs3027160_C-AA",2823,869
"rs3027160_C-Bx",1761,576
"rs4794826_T-AA",3959,1261
"rs4794826_T-Bx",625,184
"rs883871_A-AA",3571,1133
"rs883871_A-Bx",1013,312
"rs2102928_T-AA",2132,653
"rs2102928_T-Bx",2452,792
"rs2071427_T-AA",2503,815
"rs2071427_T-Bx",2081,630
"rs2269457_C-AA",2736,897
"rs2269457_C-Bx",1848,548
"rs4795424_C-AA",2891,947
"rs4795424_C-Bx",1693,498
"rrs2797687_T-AA",3212,1017
"rrs2797687_T-Bx",1372,428
"rrs2794664_A-AA",3212,1017
"rrs2794664_A-Bx",1372,428
"rrs228730_A-AA",3695,1154
"rrs228730_A-Bx",889,291
"rrs228697_G-AA",3688,1154
"rrs228697_G-Bx",896,291
"rrs6858749_T-AA",1237,404
"rrs6858749_T-Bx",3347,1041
"rrs2412646_T-AA",1922,603
"rrs2412646_T-Bx",2662,842
"rrs11240_G-AA",2493,787
"rrs11240_G-Bx",2091,658
"rrs2070062_C-AA",2493,787
"rrs2070062_C-Bx",2091,658
"rrs6486120_T-AA",2179,683
"rrs6486120_T-Bx",2405,762
"rrs5443_T-AA",2355,734
"rrs5443_T-Bx",2229,711
"rrs7958822_A-AA",1446,433
"rrs7958822_A-Bx",3138,1012
"rrs922270_C-AA",3188,1017
"rrs922270_C-Bx",1396,428
"rrs4964057_G-AA",1853,588
"rrs4964057_G-Bx",2731,857
"rrs11071547_T-AA",1655,534
"rrs11071547_T-Bx",2929,911
"rrs3848543_T-AA",3259,1027
"rrs3848543_T-Bx",1325,418
