"","EV","STD","Q.05","Q.95"
"rs697680_A-AA",0.239365219307913,0.00633412117265515,0.229012082067462,0.249849006446263
"rs697680_A-Bx",0.240616621983914,0.0110627590190016,0.222618983983287,0.259009725572385
"rs228729_T-AA",0.239807264640474,0.00821848151930691,0.226399258066636,0.253434616702186
"rs228729_T-Bx",0.239567697388172,0.00739421222826888,0.227494591128818,0.251818624066639
"rs11121023_A-AA",0.236464968152866,0.00692125451963624,0.225160383818471,0.247928620048157
"rs11121023_A-Bx",0.245024325519682,0.00904325506483625,0.230278365246125,0.260026786627043
"rs10864315_T-AA",0.240174672489083,0.00782813199290028,0.227398239341192,0.253149610546001
"rs10864315_T-Bx",0.239187418086501,0.00772048540542538,0.226585966984647,0.251983230958285
"rs170631_G-AA",0.238282056576502,0.00612125815681828,0.228275155787293,0.248411860130948
"rs170631_G-Bx",0.245362563237774,0.0124895837240466,0.225064870359681,0.266148693451161
"rs875994_C-AA",0.222894604135149,0.00934370042824762,0.207685579662587,0.238421477698527
"rs875994_C-Bx",0.247899159663866,0.00678748623826209,0.236805839210449,0.25913418994808
"rs228682_C-AA",0.238007380073801,0.00914409687477313,0.223104856336543,0.253184771073784
"rs228682_C-Bx",0.240611240611241,0.00687834418458285,0.229374067425932,0.252001207214124
"rs228666_C-AA",0.234086853063653,0.00730154624348605,0.222167232005647,0.246186362183385
"rs228666_C-Bx",0.246719160104987,0.00834616539584924,0.233099410114672,0.260554911506531
"rs228669_T-AA",0.240435108777194,0.00585188242289057,0.230865159799423,0.250115769785127
"rs228669_T-Bx",0.233859397417504,0.0160215283021358,0.207945142654694,0.260642537123482
"rs228688_T-AA",0.230390143737166,0.00853156328029747,0.216483593305598,0.244548530725252
"rs228688_T-Bx",0.245965498052309,0.00718262607513716,0.23423181263503,0.257859941360987
"rs228690_T-AA",0.238853503184713,0.00601494833087577,0.229019109225714,0.248806113007618
"rs228690_T-Bx",0.243781094527363,0.0135370734772488,0.221806745541469,0.26633546803505
"rs10462018_T-AA",0.229206500956023,0.00649732746961672,0.218593264201052,0.239966933303368
"rs10462018_T-Bx",0.263414634146341,0.0102521663451766,0.246697748214428,0.280423199221729
"rs228692_A-AA",0.238558352402746,0.00588495140031806,0.228935356419137,0.248294732338639
"rs228692_A-Bx",0.247133757961783,0.0153855730164699,0.222196153010427,0.272804322055264
"rs697690_C-AA",0.225842280636801,0.00804404844366413,0.212727073537055,0.239188348037033
"rs697690_C-Bx",0.250901442307692,0.00751387838906533,0.238627642148654,0.263345478132114
"rs2640908_T-AA",0.241610738255034,0.00662643605449428,0.230781911751409,0.252580422164539
"rs2640908_T-Bx",0.235325794291869,0.00984124700109059,0.219301461024583,0.251674323628726
"rs4663866_C-AA",0.239143367043427,0.00600610674299742,0.22932322597331,0.249081147831556
"rs4663866_C-Bx",0.242393509127789,0.013640294910622,0.220256682892497,0.265124743119563
"rs934945_T-AA",0.23915900131406,0.00691442272117756,0.227864056820174,0.250609856216256
"rs934945_T-Bx",0.240557553956835,0.00906132954480815,0.225786347771764,0.25559409701238
"rs2304669_C-AA",0.241296255747756,0.00633065078683247,0.230947906950821,0.251773434558337
"rs2304669_C-Bx",0.234610123119015,0.0110787960525851,0.216595007717201,0.253038165780875
"rs10462023_A-AA",0.244055630327501,0.00909571622507329,0.229225739073032,0.259146693952211
"rs10462023_A-Bx",0.237105263157895,0.00689848893048318,0.225837255884391,0.248530615116414
"rs11894491_A-AA",0.237368229734642,0.00811044208425567,0.22413683273329,0.250816762019454
"rs11894491_A-Bx",0.241610738255034,0.00747538380566863,0.229404841846908,0.253995913125555
"rs13002160_T-AA",0.242443938901527,0.0077246488549475,0.229833618188067,0.25524463507699
"rs13002160_T-Bx",0.236788617886179,0.00782295995432115,0.22402286838809,0.249757162296374
"rs10462028_A-AA",0.243603603603604,0.00814717132173667,0.230308240083557,0.257109113960523
"rs10462028_A-Bx",0.236324523663184,0.00744617641606869,0.224169216400366,0.248664126389314
"rs1801260_G-AA",0.239939024390244,0.00745541025156708,0.227766516771034,0.252291860242582
"rs1801260_G-Bx",0.239359767188068,0.00813671072786769,0.22608440103799,0.252850779020664
"rs3792603_G-AA",0.245406824146982,0.00697076239877097,0.234017209972395,0.256948414744983
"rs3792603_G-Bx",0.229833258224425,0.00892940106842039,0.215284979996887,0.244658462799332
"rs11133383_C-AA",0.238550378335325,0.00850356087204281,0.224682267533013,0.252655311171313
"rs11133383_C-Bx",0.240477544059124,0.00720440202929573,0.228711591855652,0.252411275197248
"rs11932595_G-AA",0.235346756152125,0.00897119871116478,0.220725855346788,0.2502369900593
"rs11932595_G-Bx",0.242224565102794,0.00695462093494413,0.230862793313344,0.253740861825325
"rs13113518_C-AA",0.234394904458599,0.00872747970761762,0.220168436446931,0.248877898162116
"rs13113518_C-Bx",0.243059335873707,0.0070755206076257,0.231500977665168,0.254776750009962
"rs900144_C-AA",0.232810615199035,0.0103759886679614,0.215928124819304,0.250059673856947
"rs900144_C-Bx",0.242278654770075,0.0064799590443243,0.231687360523843,0.253004045372998
"rs4414197_T-AA",0.23692636072572,0.0080182992240435,0.223844373166281,0.25022120561851
"rs4414197_T-Bx",0.242075823492853,0.0075496722960613,0.229749248176248,0.254584691733022
"rs7950226_A-AA",0.239485981308411,0.0103113369464663,0.22269944340838,0.256618654032363
"rs7950226_A-Bx",0.239749826268242,0.00649704830320224,0.229131942788159,0.250504815834982
"rs10832020_C-AA",0.238479262672811,0.00646801896107106,0.227909101115324,0.249186469422687
"rs10832020_C-Bx",0.242747187685021,0.0104292769115151,0.225766782475613,0.260074050999273
"rs11022761_T-AA",0.240595611285266,0.00598249753949762,0.230813268837928,0.250493540294199
"rs11022761_T-Bx",0.234594594594595,0.0139251303657691,0.212019018980623,0.257822974220976
"rs11022762_T-AA",0.238925541941565,0.00925486027420211,0.223843329366048,0.254287597480273
"rs11022762_T-Bx",0.240081904274379,0.00683259736662443,0.228919229717583,0.251395881204737
"rs7126796_C-AA",0.242369838420108,0.00641869289985032,0.231878008390967,0.252993160061966
"rs7126796_C-Bx",0.232040686586141,0.0106401760249378,0.214734225265156,0.249734643305728
"rs10766077_A-AA",0.240846934274371,0.00897870517479913,0.226208948322486,0.255744932907794
"rs10766077_A-Bx",0.238968633705476,0.00695191765854016,0.227612970608662,0.250482104578814
"rs7924734_G-AA",0.237136465324385,0.00760239499294159,0.224727607464872,0.249736391979064
"rs7924734_G-Bx",0.242413793103448,0.00795647731108922,0.229428009194595,0.255601597431869
"rs10832027_G-AA",0.236248516026909,0.00844835283506721,0.222471516947463,0.250262909045112
"rs10832027_G-Bx",0.242147344374643,0.00723789327458103,0.230326137851869,0.254136012107216
"rs1026071_G-AA",0.233507853403141,0.0079025364457062,0.220615642515028,0.246611622620995
"rs1026071_G-Bx",0.245259165613148,0.00764759164138577,0.232771927902826,0.257929519751722
"rs12421530_C-AA",0.231803430690774,0.00908385913881986,0.217004043895001,0.246885628075627
"rs12421530_C-Bx",0.244059917355372,0.00690189214498175,0.232782763110534,0.255487405327405
"rs2290036_C-AA",0.239876590821442,0.00592895103548745,0.230181565951993,0.249685689763313
"rs2290036_C-Bx",0.238434163701068,0.0146678596183445,0.214663723185453,0.262910581388654
"rs1868049_T-AA",0.237860818975162,0.00636831941087539,0.227452819131244,0.248402222437849
"rs1868049_T-Bx",0.244871794871795,0.0108837429661525,0.227156725907612,0.262958882224253
"rs3789327_G-AA",0.245498199279712,0.0105411136528675,0.228334326741489,0.263009558630785
"rs3789327_G-Bx",0.237451294980518,0.00644137664356752,0.22692486508925,0.248114583360506
"rs11022778_G-AA",0.242184692777578,0.00811933417309835,0.228935404375195,0.255644683360585
"rs11022778_G-Bx",0.237523105360444,0.00746835805034052,0.225331113372326,0.249899007332979
"rs3816358_A-AA",0.239991830065359,0.00610298506499408,0.230013913819608,0.250090524328009
"rs3816358_A-Bx",0.238305383936452,0.0126517570258324,0.217759788262363,0.259376442241748
"rs4757151_A-AA",0.231958762886598,0.0107105539541899,0.214539251235699,0.249771134688549
"rs4757151_A-Bx",0.242349787804333,0.00640344453133672,0.231882734211014,0.252947726351952
"rs12363415_G-AA",0.232521602513747,0.00683491396588071,0.221359161915196,0.243843334432996
"rs12363415_G-Bx",0.252036199095023,0.00923373442318437,0.236976225223427,0.267351378293921
"rs11022781_A-AA",0.236017897091723,0.0100394261733125,0.219673450915903,0.252698173085464
"rs11022781_A-Bx",0.241216694175902,0.00656866679452601,0.230481844646533,0.252090320449435
"rs969485_G-AA",0.242896425297892,0.0074946071402538,0.230658592307553,0.255312917309777
"rs969485_G-Bx",0.235849056603774,0.0080851534232195,0.222659697086161,0.249256411025663
"rs11022783_A-AA",0.235720562390158,0.00629036718121145,0.225440102579324,0.246133062396394
"rs11022783_A-Bx",0.251861882193636,0.011291064715803,0.233481855260894,0.270624075410853
"rs17452383_G-AA",0.245087682231143,0.00625165310203444,0.23486607699595,0.255431776840728
"rs17452383_G-Bx",0.219907407407407,0.0115006667224773,0.201238428414097,0.23906802472334
"rs7121611_T-AA",0.246240601503759,0.0107806201406354,0.228689920737371,0.264152956174159
"rs7121611_T-Bx",0.237311076020753,0.00638902929702805,0.226869699549546,0.247887221605534
"rs7121775_C-AA",0.239606741573034,0.0071529083200423,0.227924776142114,0.251455062557496
"rs7121775_C-Bx",0.239773187525314,0.00859059852536444,0.225763367069235,0.254022732957709
"rs2292913_A-AA",0.235920852359209,0.00585576109022953,0.22634631914962,0.245609651820045
"rs2292913_A-Bx",0.265200517464424,0.0158672302600472,0.239448925241462,0.291643284047089
"rs11038698_C-AA",0.242992460854436,0.00596256724254148,0.233241591423791,0.252856321250949
"rs11038698_C-Bx",0.219626168224299,0.0141417442943434,0.196741641750099,0.2432559212425
"rs11038699_G-AA",0.2351209941138,0.00766747443325476,0.222608087975956,0.247830904804195
"rs11038699_G-Bx",0.24436216762033,0.00788223590649723,0.231495309847991,0.257424725795541
"rs2292910_A-AA",0.232522209347238,0.00830071010377068,0.218986868327753,0.246292531610246
"rs2292910_A-Bx",0.245058139534884,0.0073324478564226,0.233081943890319,0.257202890628615
"rs3824872_A-AA",0.242800528401585,0.00696850570734619,0.231415927034759,0.254339676110687
"rs3824872_A-Bx",0.234402852049911,0.00894073919607794,0.219831997420771,0.249242915989793
"rs17441402_T-AA",0.238231412230532,0.00631754822215833,0.227905693110579,0.248688089763251
"rs17441402_T-Bx",0.24409979770735,0.011150619338636,0.225956110740162,0.262636008944914
"rs703829_T-AA",0.237075718015666,0.00971597757411904,0.221251414772128,0.253212317729438
"rs703829_T-Bx",0.240884783665532,0.00666612744270371,0.229991873175813,0.251920938922735
"rs11171846_T-AA",0.235364159555467,0.00597560968451171,0.225595094408803,0.245252663413878
"rs11171846_T-Bx",0.261616161616162,0.0139616436365745,0.238926779085101,0.284853381680563
"rs11171856_C-AA",0.24090338770389,0.0107075383019136,0.223477051161833,0.258699467542538
"rs11171856_C-Bx",0.239233370913191,0.00640532010116942,0.228764667089545,0.249835797355307
"rs714359_A-AA",0.238798102266737,0.00692085063771426,0.227492922241175,0.250259861118693
"rs714359_A-Bx",0.241163310961969,0.00904677688006253,0.226415068550237,0.256174967657249
"rs12821586_A-AA",0.239522093684809,0.00587686923638344,0.229911867369439,0.249244664672711
"rs12821586_A-Bx",0.240740740740741,0.0155389584328804,0.215575055790534,0.266686754915683
"rs11113153_T-AA",0.245011600928074,0.00655050001258864,0.234304498921061,0.255853255326678
"rs11113153_T-Bx",0.22629435718441,0.010089288041898,0.209881306951352,0.243069585637305
"rs3741892_C-AA",0.257857974388824,0.0105510542893119,0.240664072006964,0.275372480222909
"rs3741892_C-Bx",0.232428670842032,0.00643227858140151,0.221919383135,0.243079117598494
"rs10861688_T-AA",0.226768743400211,0.00680274191410985,0.215661636117732,0.238039899563692
"rs10861688_T-Bx",0.261490406068719,0.0092808583957215,0.246346249546311,0.276876641957323
"rs12368868_G-AA",0.235260336906585,0.00586797179383483,0.225666216699416,0.244969710913566
"rs12368868_G-Bx",0.26832298136646,0.0156070607802957,0.242980910391008,0.294319910923018
"rs2585408_T-AA",0.238703339882122,0.00944518993284788,0.223314149978406,0.254384444099118
"rs2585408_T-Bx",0.240170298021538,0.0067594872212089,0.229126214275882,0.251362374717695
"rs2735611_G-AA",0.239843028624192,0.00648665569538318,0.229241975872305,0.250580663739604
"rs2735611_G-Bx",0.239245727754862,0.0103532202391489,0.222392007073711,0.256448965612049
"rs3027178_G-AA",0.243678887484197,0.00763089023063871,0.231219699478507,0.256322327801472
"rs3027178_G-Bx",0.235253054101222,0.00792297741084629,0.222326513888398,0.248389767307443
"rs3027171_A-AA",0.244083969465649,0.00593334124387467,0.234380206302022,0.253898805019574
"rs3027171_A-Bx",0.210392902408112,0.0145013194085177,0.186963007493729,0.234657958208776
"rs2518023_T-AA",0.236924891860008,0.00596153530393746,0.227178067801514,0.246789352924609
"rs2518023_T-Bx",0.254506892895016,0.0141770409392197,0.231485827582626,0.278120263766212
"rs3027160_C-AA",0.235373781148429,0.00698094121816312,0.223973010772141,0.246937566052564
"rs3027160_C-Bx",0.246469833119384,0.0089127136555323,0.23193367454125,0.261252742654441
"rs4794826_T-AA",0.241570881226054,0.00592383487986585,0.231883523783351,0.251370831524037
"rs4794826_T-Bx",0.227441285537701,0.0147284786358517,0.203602232388574,0.252046911243472
"rs883871_A-AA",0.240858843537415,0.00623394193903872,0.230667787797372,0.251175188328524
"rs883871_A-Bx",0.235471698113208,0.0116518364317797,0.216534834316439,0.254862719975878
"rs2102928_T-AA",0.234470377019749,0.00802665201768788,0.221376674819805,0.247780929620877
"rs2102928_T-Bx",0.244143033292232,0.00754109874546029,0.231829087148266,0.256636361876237
"rs2071427_T-AA",0.245629897528632,0.0074718685222124,0.23342729350824,0.258006863606263
"rs2071427_T-Bx",0.232386573220214,0.00811020729194277,0.219159309869411,0.245838355243436
"rs2269457_C-AA",0.246903385631709,0.00715313478923495,0.235217042703273,0.258748173397794
"rs2269457_C-Bx",0.228714524207012,0.0085786792844861,0.214733355835736,0.242953219552936
"rs4795424_C-AA",0.246743095362168,0.00695800936398219,0.235373498142067,0.258262768323103
"rs4795424_C-Bx",0.227293473299863,0.00895118427651704,0.212712500902316,0.242157548062845
"rrs2797687_T-AA",0.240482383542209,0.00657113479316869,0.229743873171355,0.251360459369249
"rrs2797687_T-Bx",0.237777777777778,0.0100315854918729,0.221443958206818,0.254442964081676
"rrs2794664_A-AA",0.240482383542209,0.00657113479316869,0.229743873171355,0.251360459369249
"rrs2794664_A-Bx",0.237777777777778,0.0100315854918729,0.221443958206818,0.254442964081676
"rrs228730_A-AA",0.237987213858528,0.00611486780122602,0.22799081801933,0.248106498652967
"rrs228730_A-Bx",0.246610169491525,0.0125426822111148,0.226225154044655,0.267483701950279
"rrs228697_G-AA",0.238331268071045,0.00612232444785351,0.228322614415423,0.248462826763529
"rrs228697_G-Bx",0.245155855096883,0.0124807751761314,0.224872647033605,0.265927484944173
"rrs6858749_T-AA",0.246191346739793,0.0106311531593285,0.228881549983349,0.263852964931694
"rrs6858749_T-Bx",0.237237921604376,0.00642101687983038,0.226744644589991,0.247867387880036
"rrs2412646_T-AA",0.238811881188119,0.00848315284909384,0.224976556751494,0.252882478811824
"rrs2412646_T-Bx",0.240296803652968,0.0072169211886257,0.228510656257023,0.252251517727792
"rrs11240_G-AA",0.239939024390244,0.00745541025156708,0.227766516771034,0.252291860242582
"rrs11240_G-Bx",0.239359767188068,0.00813671072786769,0.22608440103799,0.252850779020664
"rrs2070062_C-AA",0.239939024390244,0.00745541025156708,0.227766516771034,0.252291860242582
"rrs2070062_C-Bx",0.239359767188068,0.00813671072786769,0.22608440103799,0.252850779020664
"rrs6486120_T-AA",0.238644304682041,0.00796633680015948,0.225645180925638,0.251851126975325
"rrs6486120_T-Bx",0.240606251973476,0.00759441588373566,0.228208094828756,0.253190693340044
"rrs5443_T-AA",0.237617351893817,0.00765678297704305,0.225120099052098,0.25030779403478
"rrs5443_T-Bx",0.241836734693878,0.0078957791427762,0.228949634290556,0.25492355289429
"rrs7958822_A-AA",0.230441724321448,0.00971230673602743,0.214630595088555,0.246579164506058
"rrs7958822_A-Bx",0.243855421686747,0.00666487889585344,0.232963112842007,0.254888104650494
"rrs922270_C-AA",0.241854934601665,0.00660266097905957,0.231064591662389,0.252784897336118
"rrs922270_C-Bx",0.234649122807018,0.00991992355176339,0.218498770995253,0.251130381276911
"rrs4964057_G-AA",0.240884883244572,0.00865337976013207,0.226772653302566,0.255238552727333
"rrs4964057_G-Bx",0.238851727982163,0.00711724797446566,0.227228008930322,0.250640982773283
"rrs11071547_T-AA",0.243947007766103,0.00917702275534314,0.228985841336988,0.259174232880969
"rrs11071547_T-Bx",0.237239583333333,0.0068638138445679,0.226027746364159,0.248607046235841
"rrs3848543_T-AA",0.239617358842744,0.00651926287804468,0.228963470034713,0.250409415799855
"rrs3848543_T-Bx",0.239816408491107,0.0102241085698972,0.223170021030809,0.256802341839763
