"","EV","STD","Q.05","Q.95","n"
"rs697680_A-AA",0.416795239144809,0.00731879629088203,0.404777586146325,0.428854601358942,4537
"rs697680_A-Bx",0.412198391420912,0.0127390965035203,0.391310562350821,0.433220092651066,1492
"rs228729_T-AA",0.410674573758339,0.00946945653009993,0.395136022920337,0.426288429010853,2698
"rs228729_T-Bx",0.419693785649955,0.00854953281680254,0.405658215496213,0.43378418926957,3331
"rs11121023_A-AA",0.415339702760085,0.00802676330645374,0.402162194531773,0.428568312285039,3768
"rs11121023_A-Bx",0.416187527642636,0.0103641792287841,0.399181678646357,0.433277693049371,2261
"rs10864315_T-AA",0.415854887470608,0.00903168811503839,0.401030929349782,0.430743133519927,2977
"rs10864315_T-Bx",0.415465268676278,0.00891885534921741,0.400826270614196,0.430167264932094,3052
"rs170631_G-AA",0.419987610984927,0.00709144612144322,0.408341860463422,0.431670935919811,4843
"rs170631_G-Bx",0.397976391231029,0.0142072511136757,0.374704363412913,0.421444128440438,1186
"rs875994_C-AA",0.404437720625315,0.0110184012775933,0.386368367081365,0.422616692135086,1983
"rs875994_C-Bx",0.421156697973307,0.00776132304063706,0.408412424018636,0.433945291730881,4046
"rs228682_C-AA",0.42020295202952,0.0105983381861312,0.402811607842244,0.437678017539641,2168
"rs228682_C-Bx",0.413105413105413,0.0079232682586548,0.400098191867446,0.426163820724496,3861
"rs228666_C-AA",0.407792980368828,0.00847409278023515,0.393885292537363,0.421763046935664,3362
"rs228666_C-Bx",0.425571803524559,0.00957219164622574,0.409858317230889,0.441348764878807,2667
"rs228669_T-AA",0.410540135033758,0.00673626461281399,0.399478924647198,0.421639503193736,5332
"rs228669_T-Bx",0.45480631276901,0.0188478119482243,0.423875134780281,0.485885055096377,697
"rs228688_T-AA",0.404517453798768,0.00994407769412291,0.388205125234322,0.420918973434449,2435
"rs228688_T-Bx",0.423205342237062,0.00824018074627698,0.409675516455774,0.436783766094627,3594
"rs228690_T-AA",0.417993630573248,0.00695793981308234,0.406567262219779,0.429457122147096,5024
"rs228690_T-Bx",0.403980099502488,0.0154707502734774,0.378640282369982,0.429537299981909,1005
"rs10462018_T-AA",0.411089866156788,0.00760580467662484,0.398603422550772,0.423624639722163,4184
"rs10462018_T-Bx",0.426016260162602,0.0115092502774935,0.407130192681724,0.44499354287359,1845
"rs228692_A-AA",0.418001525553013,0.0068104704085386,0.406816950825001,0.429221662499225,5244
"rs228692_A-Bx",0.4,0.0174740811332208,0.37140069179788,0.428889192875381,785
"rs697690_C-AA",0.405405405405405,0.00944523077585379,0.389908891740256,0.42098157695727,2701
"rs697690_C-Bx",0.423978365384615,0.00856513767428842,0.409915681776885,0.438093003735791,3328
"rs2640908_T-AA",0.413470757430489,0.00762330055042659,0.400954952776465,0.426033733145355,4172
"rs2640908_T-Bx",0.420570813139472,0.0114524101720328,0.401781303917318,0.439457618290743,1857
"rs4663866_C-AA",0.413246083680349,0.00693337727666593,0.401861122352651,0.424670169397453,5043
"rs4663866_C-Bx",0.427991886409736,0.0157492648411489,0.402168078335816,0.45398186028821,986
"rs934945_T-AA",0.427069645203679,0.00801799675921706,0.413902791872342,0.440280091487572,3805
"rs934945_T-Bx",0.39613309352518,0.0103687444276754,0.37913074385412,0.413241673262686,2224
"rs2304669_C-AA",0.412305671118896,0.00728320202060622,0.400347552242755,0.42430746095314,4567
"rs2304669_C-Bx",0.426128590971272,0.0129287181575597,0.40491930338111,0.447452823386555,1462
"rs10462023_A-AA",0.414087034544639,0.0104306155605314,0.396973580812872,0.431288158894396,2229
"rs10462023_A-Bx",0.416578947368421,0.00799633117625891,0.403450910565324,0.429756913370457,3800
"rs11894491_A-AA",0.419847328244275,0.00940789865622919,0.404405504437393,0.435355421486675,2751
"rs11894491_A-Bx",0.412141549725442,0.00859585090937258,0.398032861998262,0.426311197702288,3278
"rs13002160_T-AA",0.410789730256744,0.00886769270639955,0.396236371059351,0.42540903175315,3077
"rs13002160_T-Bx",0.420731707317073,0.00908470389321191,0.405818927127873,0.435705562479943,2952
"rs10462028_A-AA",0.413693693693694,0.00934742527795776,0.398353591572991,0.429104535728011,2775
"rs10462028_A-Bx",0.417332513829133,0.0086432287363754,0.403144296138607,0.431578513172382,3254
"rs1801260_G-AA",0.409756097560976,0.00858569293390529,0.39566493086136,0.423909841453313,3280
"rs1801260_G-Bx",0.422699163332121,0.00941998997587666,0.407236289630508,0.438225995116831,2749
"rs3792603_G-AA",0.411811023622047,0.00797237924775018,0.398723748668452,0.424950942906458,3810
"rs3792603_G-Bx",0.422262280306444,0.0104828656193416,0.405058865173422,0.439545381182962,2219
"rs11133383_C-AA",0.410593389088013,0.00981530185210536,0.394488777124082,0.426778988289495,2511
"rs11133383_C-Bx",0.419272313814667,0.00831811125814385,0.405616097663742,0.432980720787645,3518
"rs11932595_G-AA",0.413422818791946,0.0104141518138883,0.396336669502773,0.430597079266045,2235
"rs11932595_G-Bx",0.416974169741697,0.0080037328496337,0.40383387831443,0.43016423241727,3794
"rs13113518_C-AA",0.42208067940552,0.010175217477394,0.40538112788228,0.438855489217171,2355
"rs13113518_C-Bx",0.41154055525313,0.0081177545676393,0.398215206573107,0.424920664707881,3674
"rs900144_C-AA",0.395657418576598,0.0120054394368164,0.375981192741832,0.415476802989479,1658
"rs900144_C-Bx",0.423244108899565,0.00747225017552177,0.410973145763037,0.435555009967856,4371
"rs4414197_T-AA",0.410885805763074,0.00927796339123046,0.395660653176797,0.426183064096738,2811
"rs4414197_T-Bx",0.419825978868863,0.00869867901287411,0.405545987412493,0.434162636154698,3218
"rs7950226_A-AA",0.416471962616822,0.0119109134043795,0.396935063735095,0.436119846781228,1712
"rs7950226_A-Bx",0.415334723187399,0.00749913984417933,0.403021868286017,0.427692182569759,4317
"rs10832020_C-AA",0.410138248847926,0.00746526727885736,0.397882359601281,0.422441229319379,4340
"rs10832020_C-Bx",0.429840142095915,0.0120422725434683,0.410078865238794,0.449695911651066,1689
"rs11022761_T-AA",0.413401253918495,0.00689221135136415,0.402083738362734,0.424757357080927,5104
"rs11022761_T-Bx",0.428108108108108,0.0162602868546755,0.401448916361399,0.454944144062963,925
"rs11022762_T-AA",0.405278039585297,0.0106551244466554,0.387802227572919,0.422855386571076,2122
"rs11022762_T-Bx",0.421295111338623,0.0078984979153982,0.408325942443843,0.43431009645118,3907
"rs7126796_C-AA",0.412253141831239,0.00737319683780682,0.40014754635658,0.424403523058596,4456
"rs7126796_C-Bx",0.425301970756516,0.0124613813714344,0.404858022308137,0.445853945529554,1573
"rs10766077_A-AA",0.411116012351125,0.0103317893696263,0.394165888461078,0.428155317911938,2267
"rs10766077_A-Bx",0.41839447102605,0.00804155658928393,0.405191743046196,0.431646535009837,3762
"rs7924734_G-AA",0.415787791626718,0.00880945440356353,0.401327859527057,0.43030893692629,3129
"rs7924734_G-Bx",0.41551724137931,0.00914969278959859,0.40050015762912,0.43060058514268,2900
"rs10832027_G-AA",0.42382271468144,0.00982837336203857,0.407690365326265,0.440023630804413,2527
"rs10832027_G-Bx",0.409765848086808,0.00830921465575453,0.396127483829923,0.423462815685588,3502
"rs1026071_G-AA",0.425828970331588,0.00923634501362532,0.410665643872076,0.441051180114393,2865
"rs1026071_G-Bx",0.406447534766119,0.00873061719123351,0.392120317641743,0.42084200205041,3164
"rs12421530_C-AA",0.424200278164117,0.0106388694499957,0.406740357383924,0.441740132045105,2157
"rs12421530_C-Bx",0.410898760330579,0.00790566915082305,0.397921066060892,0.423928791704758,3872
"rs2290036_C-AA",0.415734670266101,0.00684313418572738,0.40449706393371,0.427009230698561,5186
"rs2290036_C-Bx",0.415183867141163,0.0169612823530615,0.38739756243353,0.443199114651193,843
"rs1868049_T-AA",0.414410382635936,0.00736814622795796,0.402312479118973,0.426551843768419,4469
"rs1868049_T-Bx",0.419230769230769,0.0124889786481991,0.398746320486,0.439832997966791,1560
"rs3789327_G-AA",0.419567827130852,0.0120867357671221,0.399741104031711,0.439504373794574,1666
"rs3789327_G-Bx",0.414164565665826,0.00745644668775292,0.401922008457947,0.42645186699857,4363
"rs11022778_G-AA",0.420409629895796,0.00935539853112888,0.405053555077581,0.435830752455136,2783
"rs11022778_G-Bx",0.41158348736907,0.00863635036766027,0.397408677213346,0.425820249862303,3246
"rs3816358_A-AA",0.415645424836601,0.00704262679173259,0.404080786082292,0.427249248252208,4896
"rs3816358_A-Bx",0.415710503089144,0.0146353465703159,0.391720870818778,0.439869393466296,1133
"rs4757151_A-AA",0.409149484536082,0.0124765377707766,0.388693234185875,0.429738898682633,1552
"rs4757151_A-Bx",0.417913781550145,0.00737046622576401,0.405811130210346,0.430058132930869,4477
"rs12363415_G-AA",0.417124901806756,0.00797790991569191,0.404026879365544,0.430272279870371,3819
"rs12363415_G-Bx",0.413122171945701,0.0104717371340004,0.395941949682663,0.430391811800802,2210
"rs11022781_A-AA",0.417225950782998,0.0116581754907045,0.398101969733754,0.436455238977753,1788
"rs11022781_A-Bx",0.414996463098326,0.0075651250547723,0.40257555838085,0.427462953123091,4241
"rs969485_G-AA",0.409715857011916,0.00859473730392204,0.395609893833167,0.423884559202946,3273
"rs969485_G-Bx",0.422714078374456,0.00940806818330846,0.407270728177254,0.438221211866109,2756
"rs11022783_A-AA",0.412346221441125,0.00729529655866288,0.400368269855287,0.42436796764868,4552
"rs11022783_A-Bx",0.425863236289777,0.0128619120786291,0.404763470370622,0.447077187961709,1477
"rs17452383_G-AA",0.414324952461441,0.00715953437398804,0.402569003790351,0.42612206994354,4733
"rs17452383_G-Bx",0.420524691358025,0.0137070257949005,0.398047336693911,0.443141556782672,1296
"rs7121611_T-AA",0.406015037593985,0.0122887108784522,0.385868179284142,0.426295854850451,1596
"rs7121611_T-Bx",0.419129257838935,0.00740996054983388,0.406961535695551,0.431338470376005,4433
"rs7121775_C-AA",0.416011235955056,0.00825978587901994,0.402451698859614,0.429624431463312,3560
"rs7121775_C-Bx",0.415147833130822,0.00991461747048644,0.398878431890561,0.431495403848465,2469
"rs2292913_A-AA",0.413622526636225,0.00679237636315862,0.402468624569475,0.424813804523506,5256
"rs2292913_A-Bx",0.429495472186287,0.01779255685763,0.400330702794919,0.458867799628515,773
"rs11038698_C-AA",0.416006185965591,0.00685237000756064,0.404753374110755,0.427295925426829,5173
"rs11038698_C-Bx",0.413551401869159,0.0168224526257857,0.38599394525779,0.441338661641056,856
"rs11038699_G-AA",0.410398953564421,0.0088939054191612,0.395802826677009,0.425061723182921,3058
"rs11038699_G-Bx",0.421070346684618,0.00905661328653868,0.406203448867322,0.435997669575137,2971
"rs2292910_A-AA",0.40942448821939,0.00966217152394729,0.393571065842669,0.425357484305684,2589
"rs2292910_A-Bx",0.420348837209302,0.00841484158653631,0.406533740192839,0.434216596869792,3440
"rs3824872_A-AA",0.413210039630119,0.00800269867944476,0.400072643389807,0.426399587311894,3785
"rs3824872_A-Bx",0.419786096256685,0.010415974745997,0.402693532125091,0.436959968092808,2244
"rs17441402_T-AA",0.42146942366916,0.00732291036285097,0.409443789301906,0.433534346219376,4546
"rs17441402_T-Bx",0.397842211732974,0.0127055548025748,0.37702104725023,0.418820082764794,1483
"rs703829_T-AA",0.422454308093995,0.0112845772425103,0.403938288733412,0.441062438483475,1915
"rs703829_T-Bx",0.41249392318911,0.00767414567967006,0.399895085687383,0.42514113688881,4114
"rs11171846_T-AA",0.415161738440167,0.00694082798591498,0.4037641032557,0.42659766446665,5039
"rs11171846_T-Bx",0.418181818181818,0.0156689318059471,0.392501176987462,0.444050499362708,990
"rs11171856_C-AA",0.419071518193225,0.0123544968735437,0.398807155345997,0.439451375212769,1594
"rs11171856_C-Bx",0.414430665163472,0.00739638204113231,0.402286477784326,0.426618733722504,4435
"rs714359_A-AA",0.417764891934634,0.008005883656594,0.404620824768746,0.430958256338492,3794
"rs714359_A-Bx",0.412080536912752,0.0104091213271115,0.395003348925992,0.429247202140674,2235
"rs12821586_A-AA",0.417219798975915,0.00678992201840384,0.406069095767808,0.428406205964637,5273
"rs12821586_A-Bx",0.404761904761905,0.0178400979648895,0.375558759097035,0.434251729211247,756
"rs11113153_T-AA",0.421809744779582,0.00752150375832464,0.409458425466102,0.434202324238177,4310
"rs11113153_T-Bx",0.400232693426411,0.0118136323633219,0.380866403343561,0.419731006022937,1719
"rs3741892_C-AA",0.413853317811409,0.0118792340150414,0.394370081058532,0.433450619378255,1718
"rs3741892_C-Bx",0.416376710739968,0.007507064475806,0.404050575734504,0.428746962597953,4311
"rs10861688_T-AA",0.411826821541711,0.00799553667060441,0.398701602405541,0.425004981314898,3788
"rs10861688_T-Bx",0.422132976349844,0.0104308762188121,0.405014757898419,0.439330229321705,2241
"rs12368868_G-AA",0.411370597243492,0.00680760662320266,0.400192248974806,0.422587530688587,5224
"rs12368868_G-Bx",0.443478260869565,0.0174988582756123,0.414772698599321,0.472343598805718,805
"rs2585408_T-AA",0.43664047151277,0.0109890285390763,0.418599939006295,0.454751790461451,2036
"rs2585408_T-Bx",0.40495867768595,0.00776738599472086,0.39220935389136,0.417762135781492,3993
"rs2735611_G-AA",0.42151431209603,0.00750167296971952,0.409195585920159,0.433874243956497,4332
"rs2735611_G-Bx",0.400707130229817,0.0118922559457766,0.38121203978552,0.420335319310748,1697
"rs3027178_G-AA",0.4102402022756,0.00874318834323071,0.395890937449102,0.42465399091733,3164
"rs3027178_G-Bx",0.421640488656195,0.00922426990402887,0.406498693769457,0.436844492029534,2865
"rs3027171_A-AA",0.41793893129771,0.00681292503479625,0.406750346126784,0.429163133003725,5240
"rs3027171_A-Bx",0.400506970849176,0.0174334589242579,0.371973020493685,0.429327873120388,789
"rs2518023_T-AA",0.415060951631931,0.00690844615527881,0.403716427351122,0.426443457938427,5086
"rs2518023_T-Bx",0.418875927889714,0.0160579883007558,0.392559072756919,0.445388525612363,943
"rs3027160_C-AA",0.407638136511376,0.00808614072709324,0.394365863491787,0.420967307286771,3692
"rs3027160_C-Bx",0.428326914848096,0.0102338560060774,0.411528142398916,0.445195445999771,2337
"rs4794826_T-AA",0.416283524904215,0.00682211036055578,0.405080260596607,0.427523263461391,5220
"rs4794826_T-Bx",0.411619283065513,0.01729157537233,0.383299445297345,0.440187718081951,809
"rs883871_A-AA",0.416241496598639,0.00718636850330138,0.404441070210039,0.428082419012589,4704
"rs883871_A-Bx",0.413584905660377,0.0135242486951375,0.391412698705883,0.435905483933059,1325
"rs2102928_T-AA",0.412208258527828,0.00932565893753728,0.396904443208023,0.427583772849535,2785
"rs2102928_T-Bx",0.418618988902589,0.00866029195308772,0.40440233961307,0.432892696023086,3244
"rs2071427_T-AA",0.417721518987342,0.00856061899152172,0.403668498510148,0.431830939749003,3318
"rs2071427_T-Bx",0.413131685724825,0.00945517869321206,0.397615405551999,0.428720847651249,2711
"rs2269457_C-AA",0.415083952656207,0.00817376747020561,0.401665662390181,0.428555403498201,3633
"rs2269457_C-Bx",0.41652754590985,0.0100692709115871,0.400004277160896,0.433130056512309,2396
"rs4795424_C-AA",0.419228764981761,0.00796377588744311,0.406153244412137,0.432352150073099,3838
"rs4795424_C-Bx",0.409402099497946,0.010502693876376,0.392173282020725,0.426724972179713,2191
"rrs2797687_T-AA",0.412863561125562,0.00757011732829371,0.40043508464823,0.425338899342318,4229
"rrs2797687_T-Bx",0.422222222222222,0.0116384221060825,0.403127212687024,0.441415522698448,1800
"rrs2794664_A-AA",0.412863561125562,0.00757011732829371,0.40043508464823,0.425338899342318,4229
"rrs2794664_A-Bx",0.422222222222222,0.0116384221060825,0.403127212687024,0.441415522698448,1800
"rrs228730_A-AA",0.419467931532275,0.00708584454945442,0.407831494099412,0.431142140622737,4849
"rrs228730_A-Bx",0.4,0.0142554414941473,0.376647227497187,0.423545575950107,1180
"rrs228697_G-AA",0.419867823213548,0.00709189895700197,0.408221359909918,0.431551924956229,4842
"rrs228697_G-Bx",0.398483572030329,0.0142043294619944,0.375215778244909,0.421945938179621,1187
"rrs6858749_T-AA",0.402193784277879,0.0121007228462609,0.382356998063548,0.422166151846192,1641
"rrs6858749_T-Bx",0.420692798541477,0.00745168026694813,0.40845625708291,0.432970445546263,4388
"rrs2412646_T-AA",0.411089108910891,0.00978985152958888,0.395025913020161,0.427232396361013,2525
"rrs2412646_T-Bx",0.418949771689498,0.00833381405064695,0.405267934722735,0.432684217392597,3504
"rrs11240_G-AA",0.409756097560976,0.00858569293390529,0.39566493086136,0.423909841453313,3280
"rrs11240_G-Bx",0.422699163332121,0.00941998997587666,0.407236289630508,0.438225995116831,2749
"rrs2070062_C-AA",0.409756097560976,0.00858569293390529,0.39566493086136,0.423909841453313,3280
"rrs2070062_C-Bx",0.422699163332121,0.00941998997587666,0.407236289630508,0.438225995116831,2749
"rrs6486120_T-AA",0.411600279524808,0.00919736422591409,0.396506781182785,0.426764030669966,2862
"rrs6486120_T-Bx",0.419324281654563,0.00876696458744286,0.404932601145074,0.433773900971525,3167
"rrs5443_T-AA",0.411460019423762,0.00885263517053767,0.396931053175212,0.426054178221828,3089
"rrs5443_T-Bx",0.420068027210884,0.0091012454679015,0.405128419193321,0.435069472973621,2940
"rrs7958822_A-AA",0.426290580095796,0.0114056471972427,0.407573949445547,0.445096442903248,1879
"rrs7958822_A-Bx",0.410843373493976,0.00763619763507113,0.398307201623589,0.423428406417257,4150
"rrs922270_C-AA",0.419024970273484,0.00760788696176621,0.40653282770122,0.431560909588201,4205
"rrs922270_C-Bx",0.407894736842105,0.0115038199849362,0.389029482294981,0.426874856425154,1824
"rrs4964057_G-AA",0.412535845964769,0.00996204964616736,0.396190090855351,0.428963101275901,2441
"rrs4964057_G-Bx",0.41778149386845,0.00823248357445703,0.404266094871405,0.431349010332716,3588
"rrs11071547_T-AA",0.407035175879397,0.0104980437724609,0.389815286652315,0.424351665741886,2189
"rrs11071547_T-Bx",0.420572916666667,0.00796522215486485,0.407494605266234,0.433698271537469,3840
"rrs3848543_T-AA",0.416238917405506,0.00752856439117503,0.403877582072114,0.428644700073627,4286
"rrs3848543_T-Bx",0.414228341939185,0.0117953502800984,0.394882031396188,0.43368659132205,1743
