"SNP","norm.spread"
1,0.5808743507489619
2,0.04395749643358183
3,0.37156311887869087
4,0.4607638317886945
5,0.10247010188249632
6,0.8991427597276995
7,0.6241725790790776
8,0.7752696725243557
9,1.2396565985923067
10,0.32756247592766885
11,0.21875489329074668
12,0.8240952228127174
13,0.337799039502374
14,0.6580081755952807
15,0.04699962146595042
16,1.7072421268462674
17,1.4912183756322328
18,0.6729235753069437
19,0.09709017912249134
20,0.3915094495630558
21,0.9414882677476292
22,0.10608568088694306
23,0.7720122413793561
24,0.4848107262055426
25,0.4549983636566401
26,0.5451954381377283
27,0.1839168338904504
28,0.43511462033075277
29,0.6833555272429508
30,0.5713406130467062
31,1.502308753550547
32,0.8335283623766874
33,0.33256495535136266
34,0.6266117117324447
35,0.5715036471211211
36,0.09056496533781498
37,1.0343433966609585
38,0.08764572034364972
39,0.09931920221606375
40,0.7542183024818879
41,0.33313144961948976
42,0.1696805500904989
43,0.28413636959001765
44,0.07997875944052409
45,0.2121720514177919
46,0.46118881071530826
47,0.08698535806837648
48,0.317273572011021
49,0.17830952823116988
50,0.33953425008664
51,0.688647232281749
52,0.22936024961701024
53,0.2900084202407582
54,1.023041817566959
55,0.4083036049089598
56,0.32583648240148694
57,1.138750257198238
58,1.2723673046218584
59,0.535359206590279
60,0.531336252719445
61,0.9154243342175644
62,0.35170521673515615
63,0.55018953273137
64,0.9944552992361532
65,0.37686383045429994
66,1.6437372894754605
67,1.5402144351235634
68,1.0307628754550875
69,1.119290054150406
70,0.7568744855871924
71,0.8250697149942781
72,0.5936164503093786
73,1.4193057283817294
74,0.45800080366585244
75,0.569002282240695
76,0.006526212279422037
77,0.6568882379213155
78,0.8498819978492059
79,0.8085376995256512
80,0.24549217696587647
81,0.24549217696587647
82,0.02445613180670655
83,0.08264204412407054
84,1.0279734753230074
85,0.46843263304862776
86,0.7720122413793561
87,0.7720122413793561
88,0.5146911679633683
89,0.7251506976476134
90,0.4372386857585524
91,0.34701712831329146
92,0.25785578211121746
93,0.21090272169846574
94,0.08353374922857557
